{
  "data": [
    {
      "type": "cap",
      "product": "Test",
      "stock": "18|9",
      "store": "12|6",
      "shop": "6|3",
      "unit": "strips",
      "subUnit": "enema",
      "subUnitPerUnit": "24",
      "rack": "5",
      "manufacturer": "Test",
      "supplier": "Testing",
      "id": "oSruo3o"
    }
  ],
  "unit": [
    {
      "id": "ampoule",
      "value": "Ampoule"
    },
    {
      "id": "box",
      "value": "Box"
    },
    {
      "id": "caplet",
      "value": "Caplet"
    },
    {
      "id": "cartridge",
      "value": "Cartridge"
    },
    {
      "id": "catheter",
      "value": "Catheter"
    },
    {
      "id": "device",
      "value": "Device"
    },
    {
      "id": "dilution",
      "value": "Dilution"
    },
    {
      "id": "ear_drop",
      "value": "Ear Drop"
    },
    {
      "id": "enema",
      "value": "Enema"
    },
    {
      "id": "enema_perssaries",
      "value": "Enema Perssaries"
    },
    {
      "id": "eye_cream",
      "value": "Eye Cream"
    },
    {
      "id": "gel",
      "value": "Gel"
    },
    {
      "id": "gelatin _capsule",
      "value": "Gelatin Capsule"
    },
    {
      "id": "granules",
      "value": "Granules"
    },
    {
      "id": "injection",
      "value": "Injection"
    },
    {
      "id": "jar",
      "value": "Jar"
    },
    {
      "id": "liquid",
      "value": "Liquid"
    },
    {
      "id": "mdi_inhaler",
      "value": "MDI Inhaler"
    },
    {
      "id": "mdi_autohaler",
      "value": "MDI Autohaler"
    },
    {
      "id": "mouth_wash",
      "value": "Caplet"
    },
    {
      "id": "nasal_sprey",
      "value": "Nasal Sprey"
    },
    {
      "id": "ophthalmic _solution",
      "value": "Ophthalmic Solution"
    },
    {
      "id": "oral_solution",
      "value": "Oral Solution"
    },
    {
      "id": "packet",
      "value": "Packet"
    },
    {
      "id": "pellets",
      "value": "Pellets"
    },
    {
      "id": "pouch",
      "value": "Pouch"
    },
    {
      "id": "powder",
      "value": "Powder"
    },
    {
      "id": "pump_bottles",
      "value": "Pump Bottles"
    },
    {
      "id": "rotacaps",
      "value": "Rotacaps"
    },
    {
      "id": "respules",
      "value": "Respules"
    },
    {
      "id": "sachet",
      "value": "Sachet"
    },
    {
      "id": "sanitizer",
      "value": "Sanitizer"
    },
    {
      "id": "scrub",
      "value": "Scrub"
    },
    {
      "id": "serum",
      "value": "Serum"
    },
    {
      "id": "shampoo",
      "value": "Shampoo"
    },
    {
      "id": "solution",
      "value": "Solution"
    },
    {
      "id": "solution_for_injection",
      "value": "Solution For Injection"
    },
    {
      "id": "sprey",
      "value": "Sprey"
    },
    {
      "id": "strips",
      "value": "Strips"
    },
    {
      "id": "suppositories",
      "value": "Suppositories"
    },
    {
      "id": "suspension",
      "value": "Suspension"
    },
    {
      "id": "test_strips",
      "value": "Test Strips"
    },
    {
      "id": "toner",
      "value": "Toner"
    },
    {
      "id": "tube",
      "value": "Tube"
    },
    {
      "id": "vaginal_capsules",
      "value": "Vaginal Capsule"
    },
    {
      "id": "vaginal_cream",
      "value": "Vaginal Cream"
    },
    {
      "id": "vaginal_gel",
      "value": "Vaginal Gel"
    },
    {
      "id": "vaginal_suppositories",
      "value": "Vaginal Suppositories"
    },
    {
      "id": "vaginal_wash",
      "value": "Vaginal Wash"
    },
    {
      "id": "vial",
      "value": "Vial"
    }
  ],
  "subUnit": [
    {
      "id": "ampoule",
      "value": "Ampoule"
    },
    {
      "id": "box",
      "value": "Box"
    },
    {
      "id": "caplet",
      "value": "Caplet"
    },
    {
      "id": "cartridge",
      "value": "Cartridge"
    },
    {
      "id": "catheter",
      "value": "Catheter"
    },
    {
      "id": "device",
      "value": "Device"
    },
    {
      "id": "dilution",
      "value": "Dilution"
    },
    {
      "id": "ear_drop",
      "value": "Ear Drop"
    },
    {
      "id": "enema",
      "value": "Enema"
    },
    {
      "id": "enema_perssaries",
      "value": "Enema Perssaries"
    },
    {
      "id": "eye_cream",
      "value": "Eye Cream"
    },
    {
      "id": "gel",
      "value": "Gel"
    },
    {
      "id": "gelatin _capsule",
      "value": "Gelatin Capsule"
    },
    {
      "id": "granules",
      "value": "Granules"
    },
    {
      "id": "injection",
      "value": "Injection"
    },
    {
      "id": "jar",
      "value": "Jar"
    },
    {
      "id": "liquid",
      "value": "Liquid"
    },
    {
      "id": "mdi_inhaler",
      "value": "MDI Inhaler"
    },
    {
      "id": "mdi_autohaler",
      "value": "MDI Autohaler"
    },
    {
      "id": "mouth_wash",
      "value": "Caplet"
    },
    {
      "id": "nasal_sprey",
      "value": "Nasal Sprey"
    },
    {
      "id": "ophthalmic _solution",
      "value": "Ophthalmic Solution"
    },
    {
      "id": "oral_solution",
      "value": "Oral Solution"
    },
    {
      "id": "packet",
      "value": "Packet"
    },
    {
      "id": "pellets",
      "value": "Pellets"
    },
    {
      "id": "pouch",
      "value": "Pouch"
    },
    {
      "id": "powder",
      "value": "Powder"
    },
    {
      "id": "pump_bottles",
      "value": "Pump Bottles"
    },
    {
      "id": "rotacaps",
      "value": "Rotacaps"
    },
    {
      "id": "respules",
      "value": "Respules"
    },
    {
      "id": "sachet",
      "value": "Sachet"
    },
    {
      "id": "sanitizer",
      "value": "Sanitizer"
    },
    {
      "id": "scrub",
      "value": "Scrub"
    },
    {
      "id": "serum",
      "value": "Serum"
    },
    {
      "id": "shampoo",
      "value": "Shampoo"
    },
    {
      "id": "solution",
      "value": "Solution"
    },
    {
      "id": "solution_for_injection",
      "value": "Solution For Injection"
    },
    {
      "id": "sprey",
      "value": "Sprey"
    },
    {
      "id": "strips",
      "value": "Strips"
    },
    {
      "id": "suppositories",
      "value": "Suppositories"
    },
    {
      "id": "suspension",
      "value": "Suspension"
    },
    {
      "id": "test_strips",
      "value": "Test Strips"
    },
    {
      "id": "toner",
      "value": "Toner"
    },
    {
      "id": "tube",
      "value": "Tube"
    },
    {
      "id": "vaginal_capsules",
      "value": "Vaginal Capsule"
    },
    {
      "id": "vaginal_cream",
      "value": "Vaginal Cream"
    },
    {
      "id": "vaginal_gel",
      "value": "Vaginal Gel"
    },
    {
      "id": "vaginal_suppositories",
      "value": "Vaginal Suppositories"
    },
    {
      "id": "vaginal_wash",
      "value": "Vaginal Wash"
    },
    {
      "id": "vial",
      "value": "Vial"
    }
  ]
}